PTS,Opp.PTS,FG,FG%,3P,3P%,FT,FT%,ORB,AST,PF,Opp.FG,Opp.FG%,Opp.3P,Opp.3P%,Opp.FT,Opp.FTA,Opp.STL,Opp.BLK,Opp.TOV,Opp.PF,cluster
1.288363934695452,0.982537172477929,1.1845708571387272,0.9735747466455896,0.9214108102179925,0.6756906315128205,0.08354347190082109,0.18266824468531287,-0.18670123180880757,0.9627519598096197,-0.008038479038356548,0.9509576453125806,0.6580746175553974,0.6035848180983552,0.37928378928003087,0.0823523964021711,0.055532689010460594,-0.11438603850234257,-0.19933829533802344,-0.11825272512576253,-0.028964334544954375,0
0.2202650455630005,-0.7455469781429239,0.4411204349139186,0.559938678979893,0.24887899487334594,0.38612387227536926,-0.4602920892369513,0.001289698966408661,-0.2568910589883617,0.5135033084128512,-0.3550533979699281,-0.5939732132912475,-0.6824289203790771,-0.32351254917849676,-0.40610948119423024,-0.37379665425755404,-0.3410092717733743,-0.06563500370836287,-0.34720686990286037,0.05814153215320064,-0.48668745341208464,1
-0.46945474524859937,0.5556948097660005,-0.38649396693450067,-0.4068205082368922,-0.26714156174794623,-0.3405256330080239,-0.15323279889597874,-0.10239011091125987,0.06133082826260465,-0.3776299998655254,-0.5141743968612748,0.7788411949757222,0.8811030713935077,0.5362568724069985,0.6184840161757367,-0.5031808503186563,-0.5609254785338424,0.000594034000666818,0.22177027664984267,-0.15375266720659966,-0.16032494024597582,2
0.27007128935916924,0.4431051004499013,-0.009840858362038307,-0.05450701017581584,-0.10442865712055693,-0.0767025011138047,0.6588023564118851,0.01452648226392673,0.16439625667112706,-0.12386207011169348,1.1303441874130058,-0.09229420315316711,0.0278234715109971,-0.0831834721241228,-0.02000178202843506,1.1832854085700195,1.1970472637813594,0.15863626812720324,0.0512261253595776,0.16559013301131778,0.7593629493859516,3
-1.0428135226036732,-0.8870382866452985,-1.0241745866028846,-0.9310492001254334,-0.6332090911136921,-0.550591481563649,-0.026105072988655144,-0.057612706198970215,0.21566966583509078,-0.8339866742639163,-0.16751246018011864,-0.742161726466291,-0.6291427662589129,-0.5477696925582735,-0.42136561295547814,-0.27716385074138566,-0.2499833494035975,0.011433210015118454,0.277333417519598,0.019553767191250338,0.0024329207730981873,4
