PTS,Opp.PTS,FG,FG%,3P,FT,ORB,STL,BLK,PF,Opp.FG,Opp.FG%,Opp.3P,Opp.FT,Opp.STL,Opp.TOV,Opp.PF,cluster
-1.0559149551389242,-0.960301473886447,-1.009765529193682,-0.8791564718829888,-0.6445010420111694,-0.05416502061561912,0.18039626009136206,0.03817608599646662,0.14978049208311536,0.01227966343330585,-0.8927759832783678,-0.7242783968177563,-0.555927048329078,-0.14548921036737045,-0.03650423441815419,0.14128415940235994,0.08621458955957903,0
0.305773906795985,0.3513799700957521,-0.134662972420147,-0.008364965099050313,-0.27771969868933216,1.0104231162154909,0.13538974792067193,0.13247348935725964,0.01707632514636092,0.9411788908410171,-0.038225846648080215,0.09638677647856503,-0.17543343934463454,0.9067535721689755,0.10917776594053338,0.2657331412363021,1.0295927144479626,1
0.28050686721998347,-0.6617301437072187,0.5381199052323777,0.687800779443065,0.1777833597263551,-0.4461483954443816,-0.15517717300801126,0.225522004731465,0.15568002542226245,-0.3060124075360217,-0.5191522882351791,-0.5185764168359428,-0.33304710689024675,-0.2952178670605643,-0.08116783524793862,0.15240643140343618,-0.44226850045792465,2
-0.5358264721636327,0.4397037214980163,-0.3677061069368066,-0.497534843426097,-0.17466708648488036,-0.3616270411939765,0.029659833562701642,-0.364688848391974,-0.24060165236860764,-0.44483459741751225,0.6403446069010793,0.6614642422491547,0.34939245558276116,-0.38800926383472,0.04257372129605587,-0.3977456679932805,-0.42518374823659144,3
1.2791705394539383,1.1532117263882984,1.1487733431450016,0.8009398002616174,1.104531317046542,0.0020062717165924234,-0.20370595377728995,-0.04034059875753951,-0.11217828092024695,-0.08920694257885534,1.0556376360527961,0.6625073617094531,0.90786484707349,0.05944167212141032,-0.021227536323232724,-0.1774730447376721,-0.1190839472959533,4
